TRAINEE WORK LOG — Bank ePricing Application Monitoring Dashboard Project,,,,,,,,,,
Project Name:,Bank ePricing Monitoring System,,,Trainee Name:,[Your Name Here],,,,
Mentor:,Senior DevOps Engineer,,,Department:,Technology / Digital Onboarding,,,,
Internship Period:,June 2026 – August 2026,,,Last Updated:,05-Aug-2026,,,,
,,,,,,,,,,
,,,,,,,,,,
=== WEEKLY SUMMARY TRACKER ===,,,,,,,,,,
Week #,Week Dates,Tasks Completed,Hours Logged,Status,Key Technologies Used,Deliverables,Blockers,Mentor Review,Notes
Week 1,02 Jun – 06 Jun 2026,Project setup + understanding Spring Boot structure,22,Completed,Spring Boot · Maven · Java 21 · IntelliJ IDEA,Spring Boot application running locally on port 8080,None,Approved,First week orientation and codebase walkthrough
Week 2,09 Jun – 13 Jun 2026,Added Spring Boot Actuator + exposed /actuator/health and /actuator/prometheus,20,Completed,Spring Boot Actuator · application.yml · Micrometer,Actuator endpoints live on port 8081; Prometheus endpoint returning metrics,Port conflict on 8080 vs 8081 needed troubleshooting,Approved,Learned why management port is separate from API port
Week 3,16 Jun – 20 Jun 2026,Configured Prometheus to scrape Spring Boot metrics,18,Completed,Prometheus · prometheus.yml · PromQL,Prometheus running in Docker scraping epricing-service every 10s,Prometheus showing target DOWN initially due to wrong port in config,Approved,Fixed by changing target from :8080 to :8081 in prometheus.yml
Week 4,23 Jun – 27 Jun 2026,Set up Grafana + connected to Prometheus datasource,20,Completed,Grafana · Prometheus · Docker Compose,Grafana dashboard accessible at localhost:3000 with Prometheus connected,Grafana admin password not working — had to reset via environment variable,Approved,Learned about Grafana provisioning vs manual setup
Week 5,30 Jun – 04 Jul 2026,Built custom Micrometer business metrics (PricingMetrics.java),22,Completed,Micrometer · Java · Counter · Timer · Gauge,pricing_requests_total and pricing_calculation_duration_seconds visible in Prometheus,Understanding difference between Counter and Timer took time,Approved,Tags/labels make metrics 10x more useful than plain counts
Week 6,07 Jul – 11 Jul 2026,Implemented StructuredLogger with MDC context for trace correlation,18,Completed,Logback · MDC · SLF4J · JSON logging,All log lines include traceId + customerId + productType,MDC not clearing between requests — fixed by clearing in finally block,Approved,Structured logs are essential for searching in Loki at production scale
Week 7,14 Jul – 18 Jul 2026,Configured OpenTelemetry Collector pipeline + distributed tracing,24,Completed,OpenTelemetry · OTLP · otel-collector-config.yml · Docker,OTel Collector receiving spans from Spring Boot on port 4318,gRPC vs HTTP protocol confusion — settled on HTTP (4318) for simplicity,Approved,Learned the difference between traces spans and metrics
Week 8,21 Jul – 25 Jul 2026,Set up Loki + Promtail log aggregation pipeline,20,Completed,Loki · Promtail · promtail-config.yml · loki-config.yml · Docker,Logs flowing from application → Promtail → Loki → Grafana,Promtail regex patterns for log file parsing needed adjustment,Approved,Can now search logs in Grafana using LogQL
Week 9,28 Jul – 01 Aug 2026,Wrote Prometheus alerting rules for critical metrics,16,Completed,PromQL · Prometheus Alerting · prometheus/alerts/application-alerts.yml,Alert rules for high error rate + JVM heap + DB connections configured,Alert syntax errors in YAML — missing required 'for' field,Approved,Alerts need Alertmanager to send notifications (future task)
Week 10,04 Aug – 08 Aug 2026,Documentation + Grafana dashboard JSON provisioning,22,In Progress,Grafana Dashboard JSON · epricing-complete-dashboard.json · Markdown docs,Dashboard auto-provisions on Docker Compose startup; 6 documentation files created,Dashboard JSON panel IDs conflicting — resolved by using unique IDs,In Review,Writing BEGINNER_GUIDE.md to help future trainees understand the stack
,,,,,,,,,,
,,,,,,,,,,
=== DETAILED DAILY TASK LOG ===,,,,,,,,,,
Log #,Date,Week #,Task Assigned By,Task Description,Files Modified / Created,Technologies Used,Time Spent (hrs),Status,Testing Performed,Learning Outcome,Challenges Faced,Next Planned Task
1,02-Jun-2026,Week 1,Mentor,Understand the project scope and architecture — read README.md and draw architecture diagram,README.md (read only),None,3,Done,None — reading task,Understood what Prometheus pull model means and why Grafana connects to Prometheus not the app,Confused about difference between metrics logs and traces at first,Set up Java 21 and Maven on local machine
2,03-Jun-2026,Week 1,Mentor,Install Java 21 + Maven + Docker Desktop on laptop and verify installations,None (system setup),Java 21 · Maven 3.9 · Docker Desktop,2,Done,java -version && mvn -version && docker version — all showed correct versions,Docker Desktop needs WSL 2 backend on Windows — had to enable this in BIOS,Docker would not start because Hyper-V was disabled in BIOS,Clone the project and do mvn clean install
3,04-Jun-2026,Week 1,Mentor,Clone project and run mvn clean install — understand what Maven build lifecycle means,pom.xml (studied),Maven · Spring Boot,4,Done,Build succeeded — JAR created in target/ folder,Maven downloads dependencies from Maven Central and caches them in ~/.m2 — saves download time on next build,First build took 8 minutes downloading all dependencies,Run the Spring Boot app locally
4,05-Jun-2026,Week 1,Mentor,Start the Spring Boot application locally and test /actuator/health endpoint,src/main/resources/application.yml,Spring Boot · Actuator,4,Done,curl http://localhost:8081/actuator/health → {status: UP},Spring Boot auto-configures Actuator when spring-boot-starter-actuator is in pom.xml,Application started on 8080 but Actuator was on 8081 — had to read application.yml to understand why,Read all existing Java classes to understand the package structure
5,06-Jun-2026,Week 1,Mentor,Code walkthrough — read EpricingServiceApplication.java + PricingController.java + PricingService.java,EpricingServiceApplication.java · PricingController.java · PricingService.java (read),Java · Spring Boot,4,Done,None — reading task,Understood why controllers are thin and service layer contains business logic,Constructor injection vs @Autowired field injection — mentor explained why constructor injection is better,Study PricingMetrics.java to understand Micrometer
6,09-Jun-2026,Week 2,Mentor,Study Spring Boot Actuator configuration in application.yml — understand management port,src/main/resources/application.yml,Spring Boot Actuator · YAML,3,Done,Visited http://localhost:8081/actuator and saw all endpoints listed,management.server.port=8081 separates actuator from app traffic — important for firewalls in production,Did not understand what 'expose' vs 'include' meant for Actuator endpoints,Add Prometheus scrape endpoint to application.yml
7,10-Jun-2026,Week 2,Mentor,Configure management.endpoints.web.exposure.include=prometheus health info metrics in application.yml,src/main/resources/application.yml,Spring Boot Actuator · Micrometer · Prometheus,4,Done,curl http://localhost:8081/actuator/prometheus → returned 1000+ lines of metrics text,Each line in the Prometheus response is a metric with labels — this is the Prometheus text format,The # HELP and # TYPE comment lines confused me — thought they were errors,Install Prometheus in Docker and point it at our app
8,11-Jun-2026,Week 2,Mentor,Add micrometer-registry-prometheus dependency to pom.xml and understand why it is needed,pom.xml,Maven · Micrometer · Prometheus,3,Done,mvn clean install succeeded; /actuator/prometheus now returns prometheus-format metrics,Without micrometer-registry-prometheus the /actuator/prometheus endpoint returns 404 — the dependency is what converts Micrometer metrics to Prometheus text format,Initially added wrong artifact ID — used micrometer-core instead of micrometer-registry-prometheus,Write prometheus.yml scrape config
9,12-Jun-2026,Week 2,Mentor,Study HikariCP metrics in /actuator/prometheus output — identify hikaricp_connections_* metrics,src/main/resources/application.yml (added pool-name configuration),HikariCP · Micrometer · Spring Boot,4,Done,Searched /actuator/prometheus output for 'hikaricp' — found hikaricp_connections_active{pool=epricing-pool} and 5 other metrics,HikariCP connection pool metrics are auto-exported by Micrometer — no custom code needed because Micrometer has a built-in HikariCP binder,Did not know that pool-name in application.yml becomes the label value in Prometheus,Understand JVM metrics available in Prometheus
10,13-Jun-2026,Week 2,Mentor,Identify all JVM metrics in /actuator/prometheus — document them in notes,None (observation task),Spring Boot Actuator · JVM · Micrometer,3,Done,Listed 15 JVM metrics including jvm_memory_used_bytes jvm_gc_pause_seconds jvm_threads_live_threads,jvm_memory_used_bytes has area=heap and area=nonheap labels — can filter in PromQL,Heap vs non-heap memory was confusing — heap is for Java objects non-heap is for class metadata,Write prometheus.yml to configure Prometheus to scrape our app
11,16-Jun-2026,Week 3,Mentor,Write prometheus.yml with scrape job for epricing-service on port 8081,prometheus.yml,Prometheus · YAML · Docker,4,Done,docker run prometheus and checked targets page — epricing-service showed as UP (green),The metrics_path must be /actuator/prometheus — not just /prometheus — this is specific to Spring Boot,First attempt had wrong target port (8080 instead of 8081) — target showed as DOWN,Run Prometheus via Docker Compose and verify scraping
12,17-Jun-2026,Week 3,Mentor,Add Prometheus service to docker-compose.yml with volume for data persistence,docker-compose.yml,Docker Compose · Prometheus,4,Done,docker-compose up prometheus → Prometheus UI at localhost:9090 → epricing-service target UP,Named volumes (prometheus-data:) persist metric history across container restarts — without this all historical metrics are lost on restart,Docker networking — Prometheus needs to reach epricing-service by container name not localhost,Write first PromQL query to see pricing metrics
13,18-Jun-2026,Week 3,Mentor,Write 5 basic PromQL queries in Prometheus UI — understand rate() increase() and irate(),prometheus.yml (read) · Prometheus UI,PromQL · Prometheus,4,Done,Ran rate(http_server_requests_seconds_count[5m]) and saw per-second HTTP request rate plotted as graph,rate() converts a counter to per-second rate over a time window — this is how you make counters useful in dashboards,Confused why rate() returns a decimal like 0.0167 — learned that 1 request/minute = 0.0167 requests/second,Set up Grafana and connect to Prometheus
14,19-Jun-2026,Week 3,Mentor,Add Grafana service to docker-compose.yml and configure Prometheus datasource,docker-compose.yml,Docker Compose · Grafana · Prometheus,4,Done,Grafana accessible at localhost:3000; Prometheus datasource connected; test query returned results,Grafana needs the Prometheus URL as http://prometheus:9090 (container name) not http://localhost:9090 — because both run inside Docker,Grafana admin password was set in docker-compose.yml via GF_SECURITY_ADMIN_PASSWORD env variable — forgot to set it initially,Build first Grafana dashboard panel
15,20-Jun-2026,Week 3,Mentor,Build first Grafana panel — HTTP request rate using rate(http_server_requests_seconds_count[5m]),grafana/dashboards/epricing-complete-dashboard.json,Grafana · PromQL,3,Done,Panel showing requests-per-second graph with 5-minute window — real-time updates every 10s,PromQL inside Grafana works identically to Prometheus UI — same syntax same functions,The panel showed null until I sent actual HTTP requests to the app — metrics only appear after events happen,Study PricingMetrics.java and implement custom business metrics
16,23-Jun-2026,Week 4,Mentor,Study PricingMetrics.java — understand Micrometer Counter vs Timer vs Gauge,src/main/java/com/bank/epricing/metrics/PricingMetrics.java (read),Micrometer · Java,3,Done,None — reading task,Counter → always increases (use for events). Timer → records count AND duration (use for API calls). Gauge → can go up or down (use for queue size or active connections),Understanding that Counter.increment() is the only operation on a Counter took a while — you cannot reset or decrement a counter,Add pricing_requests_total counter to PricingService.java
17,24-Jun-2026,Week 4,Mentor,Add custom counter tags to PricingMetrics — track by product_type and status label,src/main/java/com/bank/epricing/metrics/PricingMetrics.java,Micrometer · Java · Spring Boot,5,Done,pricing_requests_total{product_type=HOME_LOAN status=SUCCESS} visible in /actuator/prometheus,Tags on metrics are like database columns — they let you slice and filter the data. pricing_requests_total alone tells you nothing. With tags you know which product failed.,Getting tags to propagate correctly from PricingService to PricingMetrics required passing the values at record time not registration time,Wire metrics calls into PricingService.java
18,25-Jun-2026,Week 4,Mentor,Wire PricingMetrics into PricingService.calculatePricing() — record success/failure/rejection,src/main/java/com/bank/epricing/service/PricingService.java,Java · Micrometer · Spring Boot,5,Done,After POST /pricing — checked Prometheus and saw pricing_requests_total{status=SUCCESS} increment by 1,Business metrics need to be called at the right point in code. Success metric after successful save. Error metric in catch block. Both must always be called exactly once per request path.,Timer.record() wraps the entire business logic block — any exception inside still records the duration,Write PromQL queries for the new business metrics
19,26-Jun-2026,Week 4,Mentor,Write PromQL queries for all custom business metrics — learn how to use sum() by (label),Prometheus UI,PromQL · Prometheus,3,Done,sum(rate(pricing_requests_total[5m])) by (product_type) → shows breakdown by HOME_LOAN AUTO_LOAN etc.,sum() by (label) groups and aggregates metrics — like GROUP BY in SQL. Extremely useful for product-level dashboards.,histogram_quantile() syntax was confusing — learned it needs le label from the histogram metric,Set up structured logging with MDC
20,27-Jun-2026,Week 4,Mentor,Study StructuredLogger.java and understand MDC (Mapped Diagnostic Context),src/main/java/com/bank/epricing/logging/StructuredLogger.java (read),SLF4J · MDC · Logback · Java,4,Done,None — reading task,MDC is a thread-local key-value map. Any field put into MDC appears in ALL log lines for that request — so customerId from MDC appears in every log line automatically.,Did not understand why MDC needs to be cleared — without clearing MDC.clear() the customer ID from one request leaks into the next request (especially with thread pools),Implement logback-spring.xml for JSON structured logging
21,30-Jun-2026,Week 5,Mentor,Study logback-spring.xml configuration for JSON log output with logstash-logback-encoder,src/main/resources/logback-spring.xml (read),Logback · JSON · SLF4J · logstash-logback-encoder,4,Done,Application logs to /app/logs/epricing-service.log in JSON format — each line is a JSON object,JSON logs are machine-readable. Grafana/Loki can parse them and filter by any field. Plain text logs need regex to parse — error-prone and brittle.,The <springProfile> block in logback-spring.xml applies different config for docker vs local profiles — took time to understand,Set up Loki for log aggregation
22,01-Jul-2026,Week 5,Mentor,Add Loki service to docker-compose.yml and configure loki-config.yml,docker-compose.yml · loki-config.yml,Loki · Docker Compose · YAML,4,Done,Loki container started and accessible; health check passed at localhost:3100/ready,Loki stores logs indexed by labels (not full-text) — this is why it is much cheaper than Elasticsearch for log storage. Labels come from Promtail job configuration.,Loki schema_config settings were confusing — the tsdb index type needs a valid from date or Loki rejects the config,Configure Promtail to ship logs to Loki
23,02-Jul-2026,Week 5,Mentor,Configure promtail-config.yml to tail the application log file and ship to Loki,promtail-config.yml · docker-compose.yml,Promtail · Loki · YAML · Docker Volumes,5,Done,Logs visible in Grafana Explore under Loki datasource using {application=epricing-service},Promtail uses a shared Docker volume (epricing-logs) to read the log file written by the Spring Boot app. This is how two containers share a file without network calls.,Volume mount path had to match exactly between epricing-service container (/app/logs) and Promtail container (/var/log/epricing) plus the Promtail config path,Query logs in Grafana using LogQL
24,03-Jul-2026,Week 5,Mentor,Write LogQL queries in Grafana to filter logs by event_type and log level,Grafana UI,LogQL · Grafana · Loki,3,Done,{application=epricing-service} | json | event_type=PRICING_ERROR — returned all error events with customer context,LogQL pipe syntax is like Linux pipes — each | adds a filter or parser. json parses the JSON log line into fields you can then filter on.,The | json parser only works if log lines are valid JSON — one malformed line breaks the parse. Fixed by making sure all log lines go through the JSON encoder.,Set up OpenTelemetry distributed tracing
25,04-Jul-2026,Week 5,Mentor,Study OpenTelemetryConfig.java and understand how Spring Boot sends traces to OTel Collector,src/main/java/com/bank/epricing/config/OpenTelemetryConfig.java (read),OpenTelemetry · Java · Spring Boot,4,Done,None — reading task,OTel Auto-instrumentation patches Spring MVC and creates a span for every HTTP request automatically. Custom spans (like pricingCalculation span in PricingService) give more granular visibility.,Tracer vs Span vs SpanContext were confusing. Tracer creates Spans. Span represents one operation. SpanContext carries the traceId across service boundaries.,Add OTel Collector to Docker Compose
26,07-Jul-2026,Week 6,Mentor,Write otel-collector-config.yml with OTLP receiver + batch processor + prometheus exporter,otel-collector-config.yml,OpenTelemetry Collector · YAML · Prometheus,4,Done,OTel Collector container started; Spring Boot logs showed spans being exported to http://otel-collector:4318,The OTel Collector is vendor-neutral middleware. App sends OTLP (standard). Collector translates to Jaeger/Zipkin/Prometheus. Change backend without touching app code.,The exporters section needs to match exactly what is in the service → pipelines section or the collector refuses to start,Add OTel Collector to docker-compose.yml
27,08-Jul-2026,Week 6,Mentor,Add otel-collector service to docker-compose.yml with correct port mappings,docker-compose.yml,Docker Compose · OpenTelemetry,4,Done,epricing-service logs showed successful span export; otel-collector logs showed spans received,The depends_on in docker-compose.yml ensures the app waits for the collector to be healthy before starting — prevents connection refused errors on startup,Port confusion between 4317 (gRPC) and 4318 (HTTP) — application.yml had to match the otel-collector-config.yml protocol,Verify traces appear in Grafana
28,09-Jul-2026,Week 6,Mentor,Verify end-to-end trace flow — Spring Boot → OTel Collector → Grafana Explore,Grafana UI,OpenTelemetry · Grafana · PromQL,3,Done,Trace visible in Grafana Explore with service name epricing-service and operation name POST /pricing,One traceId links the HTTP span (from OTel auto-instrumentation) to the pricingCalculation span (from custom Tracer) — this is what distributed tracing means.,Could not find the tempo datasource in Grafana — realized Grafana Tempo container was not added to docker-compose.yml (future task),Add Dockerfile multi-stage build and JVM tuning
29,10-Jul-2026,Week 6,Mentor,Study Dockerfile — understand multi-stage build and JVM tuning flags,Dockerfile (read),Docker · JVM · Alpine Linux,3,Done,docker build -t epricing-service:local . → image built in 4 minutes; image size was ~180MB,Multi-stage Docker build keeps the final image small by discarding the Maven build environment. Only the compiled JAR and JRE are in the runtime image. -XX:MaxRAMPercentage=75.0 prevents JVM from exceeding container memory limit.,Initially ran the container as root — mentor pointed out this violates security best practices; the Dockerfile creates a non-root epricing user,Add Prometheus alerting rules
30,11-Jul-2026,Week 6,Mentor,Study application-alerts.yml and understand Prometheus alerting rule syntax,prometheus/alerts/application-alerts.yml (read),Prometheus Alerting · PromQL · YAML,4,Done,prometheus api/v1/rules endpoint showed alert rules loaded; manually triggered rule by causing high error rate,A Prometheus alert has 3 states: inactive (condition false) → pending (condition true but not long enough) → firing (condition true for 'for' duration). The 'for' clause prevents false alerts from short spikes.,The expr field uses PromQL — same syntax as dashboard queries. Understanding that the alert fires when expr evaluates to a non-empty result took practice.,Study HikariCP metrics and write DB connection pool dashboard panel
31,14-Jul-2026,Week 7,Mentor,Study HikariCP metrics — understand active vs idle vs pending connections,Prometheus UI · Grafana,HikariCP · PromQL · Grafana,4,Done,Built Grafana panel: hikaricp_connections_active{pool=epricing-pool} showed active connections spiking during load,hikaricp_connections_pending > 0 means the app is waiting for a database connection — this causes API latency. Maximum pool size was set to 10 in application.yml — if all 10 are active and a new request comes in it must wait.,The metric name is hikaricp_connections not hikaricp_connection (singular) — wasted 30 minutes searching for the wrong metric name,Write P95/P99 response time PromQL queries using histogram_quantile()
32,15-Jul-2026,Week 7,Mentor,Write P95 and P99 response time queries using histogram_quantile() and http_server_requests_seconds,Prometheus UI · Grafana,PromQL · Prometheus · Grafana,4,Done,Grafana panel showing P95=45ms P99=120ms for POST /pricing under simulated load,histogram_quantile(0.95 sum(rate(http_server_requests_seconds_bucket[5m])) by (le uri method)) → 95% of requests complete within this duration. P99 tells you your worst-case experience for 99% of users.,The le label must be preserved in the by() clause — removing it breaks histogram_quantile() and returns NaN. Spent 45 minutes debugging this.,Add error rate panel using PromQL
33,16-Jul-2026,Week 7,Mentor,Write HTTP error rate PromQL — calculate percentage of 5xx responses,Prometheus UI · Grafana,PromQL · Prometheus,3,Done,Error rate panel showing 0% under normal conditions and 100% when deliberately sending malformed requests,Error rate = (error requests / total requests) * 100. In PromQL: sum(rate(...{status=~5..}[5m])) / sum(rate(...[5m])) * 100. The =~ operator is regex match — 5.. matches any 500-599 status code.,Initially used = 500 (exact match) which missed 404 and 503 errors. The regex =~5.. captures all 5xx codes.,Review and organize Grafana dashboard JSON
34,17-Jul-2026,Week 7,Mentor,Export and organize Grafana dashboard JSON for provisioning,grafana/dashboards/epricing-complete-dashboard.json · grafana/provisioning/,Grafana · JSON · Docker Compose,4,Done,Dashboard auto-loads on docker-compose up without manual import step — provisioning works end-to-end,Grafana provisioning reads dashboard JSON files from a mounted directory on startup. This means dashboards survive container restarts and can be version-controlled in Git — essential for team environments.,Dashboard panel IDs must be unique integers within the JSON — duplicate IDs cause silent failures where some panels do not load.,Write comprehensive documentation for the project
35,18-Jul-2026,Week 7,Mentor,Write ARCHITECTURE_EXPLAINED.md — document data flow from app to Prometheus to Grafana,docs/ARCHITECTURE_EXPLAINED.md,Markdown · Documentation,4,Done,Document reviewed and approved by mentor; 23KB comprehensive architecture guide,Writing documentation forced me to deeply understand each part of the system. Could not document something I did not understand — had to go back and re-read code.,English technical writing — needed mentor review for clarity and structure,Write BEGINNER_GUIDE.md for future trainees
36,21-Jul-2026,Week 8,Mentor,Write BEGINNER_GUIDE.md — explain entire stack in simple language for future trainees,docs/BEGINNER_GUIDE.md,Markdown · Documentation,6,In Progress,Being reviewed by mentor — 1113 lines covering all 12 topics with simple analogies,Using restaurant and kitchen analogies makes technical concepts accessible to people with no background in DevOps or observability,Balancing simplicity with technical accuracy — kept making it too simple or too technical; mentor helped find the right level,Complete BEGINNER_GUIDE.md and write INTERVIEW_PREPARATION.md
37,22-Jul-2026,Week 8,Mentor,Write PROJECT_FLOW.md — document the request lifecycle and observability trigger points,docs/PROJECT_FLOW.md,Markdown · Documentation,4,Done,12KB document showing step-by-step how a POST /pricing request travels through the system,The request lifecycle showed me how observability is woven into every layer — HTTP → Controller → Service → Metrics + Logs + Spans all fire in the same call,Drawing the flow diagram as ASCII art was time-consuming — spent 2 hours on layout,Write INTERVIEW_PREPARATION.md
38,23-Jul-2026,Week 8,Mentor,Write INTERVIEW_PREPARATION.md — 50+ interview Q&As for Spring Boot Actuator Micrometer Prometheus Grafana OTel,docs/INTERVIEW_PREPARATION.md,Markdown · Documentation,6,Done,61KB document covering all major interview topics with detailed answers based on actual project code,Answering interview questions forced me to understand WHY things work not just HOW to configure them. The difference between Counter and Timer was much clearer after writing the answer.,Ensuring answers were accurate required cross-referencing with the actual code — found one mistake where I described Gauge as only going up (it can go down),Write complete-learning guide and simple observability guide
39,24-Jul-2026,Week 8,Mentor,Write COMPLETE_LEARNING_GUIDE.md and SIMPLE_OBSERVABILITY_GUIDE.md,docs/COMPLETE_LEARNING_GUIDE.md · docs/SIMPLE_OBSERVABILITY_GUIDE.md,Markdown · Documentation,4,Done,Both documents complete — 22KB and 4KB respectively,Simpler documents require more thinking — need to decide what to include and what to omit. The SIMPLE guide covers only the essentials for a 30-minute intro.,The SIMPLE_OBSERVABILITY_GUIDE.md needed to be short enough to read in one sitting — kept removing content to stay focused,Add traffic generator to simulate load for Prometheus metrics
40,25-Jul-2026,Week 8,Mentor,Plan the traffic generator — understand why we need it and what patterns to simulate,None (planning task),Architecture · Docker · Shell Scripting,2,Done,Traffic generator design planned: random mix of POST /pricing GET /pricing /actuator/health requests with 1-5s delay,Without traffic the Prometheus graphs are flat lines. A traffic generator simulates real users so the dashboard shows meaningful live data. Pattern should include success cases failure cases and slow requests to exercise all metric dimensions.,Need to decide between a Python script a shell script or a Java class — decided on shell script for simplicity,Implement traffic generator script
41,28-Jul-2026,Week 9,Mentor,Review the complete docker-compose.yml — understand network and volume configuration,docker-compose.yml,Docker Compose · Docker Networking · Docker Volumes,4,Done,Can explain every line of docker-compose.yml; understand why custom subnet 172.20.0.0/16 prevents IP conflicts,Custom Docker network enables service discovery by name — prometheus can reach epricing-service by hostname epricing-service without knowing the IP. Named volumes persist data. depends_on with health checks prevents startup race conditions.,The difference between ports (exposes to host) and expose (internal only) was confusing — only ports makes the service reachable from your browser,Review Prometheus alerting rules and test them
42,29-Jul-2026,Week 9,Mentor,Test Prometheus alert rules by intentionally causing high error rate,prometheus/alerts/application-alerts.yml · MetricsDemoController.java,Prometheus · PromQL · Alerting,4,Done,Alert transitioned from inactive → pending → firing in Prometheus UI when error rate exceeded threshold,Prometheus evaluates alert rules every evaluation_interval (15s). An alert needs to stay in pending for the 'for' duration before firing — this prevents noisy false alerts from brief spikes.,Could not find a way to test alerts without modifying the application code — used MetricsDemoController.java demo endpoint to artificially inflate error counts,Write the trainee work log Excel tracker (this document)
43,04-Aug-2026,Week 10,Mentor,Create comprehensive trainee work log Excel tracker,docs/trainee-work-log.csv,Microsoft Excel · CSV · Project Documentation,3,Done,This document,Realized that documenting work as I go is much easier than trying to recall what I did 2 months ago. A well-maintained work log is essential for performance reviews and knowledge transfer to future trainees.,Reconstructing tasks from memory for weeks 1-9 was difficult — will maintain the log daily going forward.,Complete BEGINNER_GUIDE.md sections 8-16 and finalize for mentor review
44,13-Aug-2026,Week 10,Mentor,Create dedicated Log Analysis & Error Investigation Grafana Dashboard,grafana/dashboards/log-analysis-dashboard.json,Grafana · LogQL · Loki · JSON,4,Done,12-panel dashboard displaying ERROR/WARN log counts live log feeds event-type breakdowns slow operations and runbook,LogQL pipe syntax extracts JSON fields dynamically without indexing full text. Clicking a traceId in a log line opens the OpenTelemetry trace waterfall in Grafana Tempo.,Need to format log lines cleanly in Grafana — used showTime prettifyLogMessage and sortOrder Descending,Configure Alertmanager for alert routing and notification
45,13-Aug-2026,Week 10,Mentor,Configure Alertmanager and Prometheus alert routing rules in alertmanager.yml,alertmanager.yml · prometheus.yml · docker-compose.yml,Alertmanager · Prometheus · YAML · Docker Compose,4,Done,Alertmanager container running on port 9093; Prometheus alert rules routed to Alertmanager,Alertmanager deduplicates groups and inhibits lower-severity symptom alerts when root cause alerts fire (e.g. suppressing latency alerts when EPricingServiceDown fires).,Inhibition rules in Alertmanager require matching target and source labels exactly,Create Webhook Logger for local alert testing
46,13-Aug-2026,Week 10,Mentor,Create Webhook Logger local alert receiver service,webhook-logger/server.py · docker-compose.yml,Python 3 · Webhooks · Docker Compose,3,Done,Webhook logger listening on port 5001; prints full alert payloads cleanly to docker logs,Webhook logger provides a local development receiver for Alertmanager notifications without needing external Slack or email credentials.,Mounting standalone Python script via volume avoids YAML multiline string formatting and quoting issues in docker-compose.yml,Update project documentation with new observability components
,,,,,,,,,,
,,,,,,,,,,
=== TECHNOLOGIES MASTERED TRACKER ===,,,,,,,,,,
Technology,Category,First Used (Week),Confidence Level (1-5),Key Concept Learned,PromQL / Command Example,Documentation Link,Notes
Spring Boot 3.3.4,Backend Framework,Week 1,4,@SpringBootApplication starts embedded Tomcat and wires all beans via ComponentScan,mvn spring-boot:run,https://spring.io/projects/spring-boot,Java 21 with virtual threads — not yet explored
Spring Boot Actuator,Monitoring,Week 2,4,Exposes /actuator/prometheus /health /info endpoints on management port 8081,curl http://localhost:8081/actuator/health,https://docs.spring.io/spring-boot/docs/current/reference/html/actuator.html,management.server.port separates actuator from API traffic
Micrometer,Metrics,Week 4,4,Counter (monotonic) vs Timer (count+duration) vs Gauge (bidirectional) vs DistributionSummary,meterRegistry.counter(name tag value).increment(),https://micrometer.io/docs,Tags/labels are the most important concept — dimensions for slicing
HikariCP,Connection Pooling,Week 2,3,Pool tracks active/idle/pending connections — Micrometer auto-exports 6 metrics,hikaricp_connections_active{pool=epricing-pool},https://github.com/brettwooldridge/HikariCP,pool-name in application.yml becomes the label value in Prometheus
Prometheus,Metrics Store,Week 3,4,Pull model — Prometheus scrapes /actuator/prometheus every scrape_interval seconds,rate(http_server_requests_seconds_count[5m]),https://prometheus.io/docs,Rule files load alerting rules — alerts are evaluated every evaluation_interval
PromQL,Query Language,Week 3,3,rate() converts counter to per-second rate; histogram_quantile() gives P95/P99; sum() by (label) groups,histogram_quantile(0.95 sum(rate(http_server_requests_seconds_bucket[5m])) by (le)),https://prometheus.io/docs/prometheus/latest/querying/basics/,Still learning advanced PromQL — recording rules and subqueries are next
Grafana,Visualization,Week 4,4,Grafana queries Prometheus/Loki and renders panels — stores nothing itself; all data in backends,{datasource_uid=prometheus} metric_name,https://grafana.com/docs/,Provisioning via JSON eliminates manual dashboard recreation after restart
Loki,Log Aggregation,Week 5,3,Label-indexed log store — cheap vs Elasticsearch because only labels are indexed not full text,{application=epricing-service} | json | level=ERROR,https://grafana.com/docs/loki/,Schema config must have a valid from date or Loki rejects startup
Promtail,Log Shipping,Week 5,3,Tails log files and ships to Loki with labels extracted from filename or log content,promtail --config.file=/etc/promtail/config.yml,https://grafana.com/docs/loki/latest/clients/promtail/,Shared Docker volume is how Promtail reads app logs without network call
OpenTelemetry,Distributed Tracing,Week 6,3,Auto-instrumentation creates spans for every HTTP request; custom Tracer.spanBuilder() adds nested spans,OTEL_EXPORTER_OTLP_ENDPOINT=http://otel-collector:4318,https://opentelemetry.io/docs/,gRPC (4317) vs HTTP (4318) — HTTP is simpler to configure
OTel Collector,Telemetry Pipeline,Week 6,3,Receivers → Processors (batch/filter) → Exporters — vendor-neutral middleware between app and backends,otelcol --config=/etc/otelcol/config.yml,https://opentelemetry.io/docs/collector/,Batch processor is critical for performance — without it every span is a separate HTTP call
Docker,Containerization,Week 1,4,Multi-stage build reduces image size — builder stage compiles; runtime stage only has JRE and JAR,docker-compose up --build -d,https://docs.docker.com/,Non-root user in Dockerfile is a security best practice — important for banking context
Docker Compose,Orchestration,Week 3,4,Custom network enables service discovery by name; named volumes persist data; depends_on controls startup order,docker-compose logs -f epricing-service,https://docs.docker.com/compose/,health checks in depends_on are better than plain depends_on — ensures service is actually ready
Logback,Logging Framework,Week 5,3,logstash-logback-encoder converts log statements to JSON; springProfile block applies per-environment config,<springProfile name=docker> ... </springProfile>,http://logback.qos.ch/documentation.html,The JSON output format is what makes logs parseable in Grafana/Loki
MDC,Context Propagation,Week 5,3,Thread-local key-value store — put customerId once and it appears in ALL log lines for that request without passing it manually,MDC.put(customerIdKey value) / MDC.clear(),https://logback.qos.ch/manual/mdc.html,MUST call MDC.clear() in a finally block or data leaks to next request
,,,,,,,,,,
,,,,,,,,,,
=== METRICS QUICK REFERENCE ===,,,,,,,,,,
Metric Name,Type,Source,Labels/Tags,What It Measures,PromQL Dashboard Query,Alert Threshold,Status
pricing_requests_total,Counter,Custom (PricingMetrics.java),product_type · status,Total pricing API calls — use rate() for per-second throughput,rate(pricing_requests_total[5m]),N/A,Active
pricing_requests_successful_total,Counter,Custom (PricingMetrics.java),product_type,Total successful pricing calculations,rate(pricing_requests_successful_total[5m]),N/A,Active
pricing_requests_failed_total,Counter,Custom (PricingMetrics.java),product_type,Total failed pricing calculations — technical errors,rate(pricing_requests_failed_total[5m]),Error rate > 5% → WARN,Active
pricing_requests_rejected_total,Counter,Custom (PricingMetrics.java),product_type,Rejected by business rules (low credit score etc.),rate(pricing_requests_rejected_total[5m]),Reject rate > 20% → alert risk team,Active
pricing_calculation_duration_seconds,Timer,Custom (PricingMetrics.java),product_type,How long each pricing calculation takes,histogram_quantile(0.95 sum(rate(pricing_calculation_duration_seconds_bucket[5m])) by (le product_type)),P99 > 2s → alert,Active
http_server_requests_seconds_count,Counter,Auto (Micrometer+Spring MVC),uri · method · status · outcome,Total HTTP requests received by the server,rate(http_server_requests_seconds_count[5m]),N/A,Active
http_server_requests_seconds,Timer/Histogram,Auto (Micrometer+Spring MVC),uri · method · status · outcome · le,HTTP response time distribution — use histogram_quantile() for percentiles,histogram_quantile(0.99 sum(rate(http_server_requests_seconds_bucket[5m])) by (le uri method)),P99 > 3s → alert,Active
jvm_memory_used_bytes,Gauge,Auto (Micrometer JVM binder),area · id,Current JVM memory consumption split by heap/nonheap and pool,jvm_memory_used_bytes{area=heap},Heap > 80% of max → alert,Active
jvm_memory_max_bytes,Gauge,Auto (Micrometer JVM binder),area · id,Maximum JVM memory configured for each pool,jvm_memory_max_bytes{area=heap},N/A (used with used_bytes),Active
jvm_gc_pause_seconds,Timer,Auto (Micrometer JVM binder),action · cause,Garbage collection pause durations — high values mean STW (Stop-The-World) pauses,histogram_quantile(0.99 sum(rate(jvm_gc_pause_seconds_bucket[5m])) by (le action cause)),P99 GC pause > 1s → alert,Active
jvm_threads_live_threads,Gauge,Auto (Micrometer JVM binder),(none),Current number of live JVM threads,jvm_threads_live_threads,> 500 threads → investigate,Active
system_cpu_usage,Gauge,Auto (Micrometer System binder),(none),CPU usage of the entire system (0.0 to 1.0),system_cpu_usage * 100,CPU > 85% for 5min → alert,Active
process_cpu_usage,Gauge,Auto (Micrometer Process binder),(none),CPU usage of the JVM process only (not whole system),process_cpu_usage * 100,Process CPU > 70% → alert,Active
hikaricp_connections_active,Gauge,Auto (Micrometer HikariCP binder),pool,Number of connections currently in use by the application,hikaricp_connections_active{pool=epricing-pool},Active > 8 of 10 max → warn,Active
hikaricp_connections_idle,Gauge,Auto (Micrometer HikariCP binder),pool,Number of idle connections in the pool (not currently used),hikaricp_connections_idle{pool=epricing-pool},N/A,Active
hikaricp_connections_pending,Gauge,Auto (Micrometer HikariCP binder),pool,Number of requests WAITING for a connection — > 0 means pool is exhausted,hikaricp_connections_pending{pool=epricing-pool},Pending > 0 for 30s → critical,Active
hikaricp_connections_timeout_total,Counter,Auto (Micrometer HikariCP binder),pool,Total connection pool timeouts — requests that waited too long and gave up,rate(hikaricp_connections_timeout_total[5m]),Any timeout → alert,Active
hikaricp_connections,Gauge,Auto (Micrometer HikariCP binder),pool · state,Total connections in pool split by state (active/idle/pending),hikaricp_connections{pool=epricing-pool},N/A,Active
,,,,,,,,,,
,,,,,,,,,,
=== FILE INVENTORY ===,,,,,,,,,,
File Path,Purpose,Technology,First Created,Last Modified,Status,Notes
src/main/java/com/bank/epricing/EpricingServiceApplication.java,Application entry point with ApplicationReadyEvent startup banner,Spring Boot · Java,Week 1,Week 6,Complete,Logs all URLs on startup for easy access
src/main/java/com/bank/epricing/controller/PricingController.java,Thin REST controller — GET/POST/GET{id} for pricing API,Spring Boot MVC · Java,Week 1,Week 4,Complete,No business logic — delegates everything to PricingService
src/main/java/com/bank/epricing/controller/HealthController.java,Custom health endpoint with additional detail beyond /actuator/health,Spring Boot MVC · Java,Week 2,Week 2,Complete,Returns application name version and timestamp
src/main/java/com/bank/epricing/controller/MetricsDemoController.java,Demo/learning endpoints to trigger different metric scenarios,Spring Boot MVC · Micrometer · Java,Week 4,Week 4,Complete,For development only — would be removed or secured in production
src/main/java/com/bank/epricing/service/PricingService.java,Business logic orchestrator — calls calculator repository metrics logger and tracer,Spring Boot · Micrometer · OTel · Java,Week 1,Week 7,Complete,Most complex class in the codebase — wires all observability together
src/main/java/com/bank/epricing/service/PricingAuditService.java,Creates audit records for RBI regulatory compliance,Spring Boot · JPA · Java,Week 2,Week 2,Complete,Every pricing calculation creates an immutable audit record
src/main/java/com/bank/epricing/metrics/PricingMetrics.java,Custom Micrometer metrics — counters timers gauges for business KPIs,Micrometer · Java,Week 4,Week 5,Complete,Implements MeterBinder for Spring-idiomatic metric registration
src/main/java/com/bank/epricing/logging/StructuredLogger.java,Business-aware structured log events with MDC context,SLF4J · MDC · Logback · Java,Week 5,Week 5,Complete,Each method logs one business event — consistent field names for Loki querying
src/main/java/com/bank/epricing/config/OpenTelemetryConfig.java,OTel Tracer bean configuration for dependency injection,OpenTelemetry · Spring Boot · Java,Week 6,Week 6,Complete,Provides Tracer bean for injection into PricingService
src/main/java/com/bank/epricing/config/WebConfig.java,CORS configuration and MDCFilter registration,Spring MVC · MDC · Java,Week 5,Week 5,Complete,MDCFilter adds traceId to MDC at request start and clears at request end
src/main/java/com/bank/epricing/util/PricingCalculator.java,Pure math — interest rate + EMI calculation (no side effects),Java · BigDecimal · Math,Week 1,Week 3,Complete,Uses BigDecimal for precision — floating point would cause rounding errors in financial calculations
src/main/resources/application.yml,Central Spring Boot configuration — all settings in one file,Spring Boot · YAML,Week 1,Week 9,Complete,Detailed inline comments explain every configuration key and WHY it exists
src/main/resources/logback-spring.xml,JSON log formatter using logstash-logback-encoder,Logback · JSON · XML,Week 5,Week 5,Complete,springProfile block applies JSON format in docker profile and plain text in local profile
src/main/resources/data.sql,Initial data loaded into H2 on startup,H2 · SQL,Week 1,Week 1,Complete,Sample pricing records for testing without having to POST data first
docker-compose.yml,Orchestrates all 6 services with networking volumes and health checks,Docker Compose · YAML,Week 3,Week 8,Complete,Single command docker-compose up --build starts entire observability stack
Dockerfile,Multi-stage container image build with non-root user and JVM tuning,Docker · Alpine Linux · Java,Week 6,Week 6,Complete,Builder stage uses Maven; runtime stage uses minimal JRE only
prometheus.yml,Prometheus scrape configuration with 4 scrape jobs,Prometheus · YAML,Week 3,Week 3,Complete,epricing-service job uses 10s interval for fresher data
otel-collector-config.yml,OTel Collector pipeline — OTLP receivers → batch processor → exporters,OpenTelemetry · YAML,Week 6,Week 6,Complete,Batch processor is critical — prevents overwhelming backends with individual span HTTP calls
loki-config.yml,Loki log aggregation store configuration,Loki · YAML,Week 5,Week 5,Complete,Uses tsdb index type — must have valid from date
promtail-config.yml,Promtail log shipper — tails log files and ships to Loki,Promtail · YAML,Week 5,Week 5,Complete,Shared Docker volume connects Promtail to the app log file
prometheus/alerts/application-alerts.yml,Prometheus alerting rules for critical conditions,Prometheus · PromQL · YAML,Week 6,Week 6,Complete,Needs Alertmanager to send notifications (email/Slack) — future task
grafana/dashboards/epricing-complete-dashboard.json,Pre-built Grafana dashboard JSON for auto-provisioning,Grafana · JSON,Week 4,Week 7,In Progress,Panels cover HTTP rate error rate JVM memory HikariCP and custom pricing metrics
grafana/provisioning/,Grafana provisioning config for automatic datasource and dashboard loading,Grafana · YAML,Week 4,Week 4,Complete,Eliminates manual setup on every docker-compose up
pom.xml,Maven project configuration — dependencies plugins Java version,Maven · XML,Week 1,Week 6,Complete,All versions pinned — no LATEST or RELEASE to ensure reproducible builds
docs/BEGINNER_GUIDE.md,Plain-English guide to entire observability stack for future trainees,Markdown,Week 8,Week 10,In Progress,1113 lines — covers all 12 topics with real-world analogies
docs/ARCHITECTURE_EXPLAINED.md,Technical architecture explanation with data flow diagrams,Markdown,Week 7,Week 7,Complete,Shows exactly how data flows from app to Prometheus to Grafana
docs/INTERVIEW_PREPARATION.md,50+ interview Q&As for all technologies used in this project,Markdown,Week 8,Week 8,Complete,61KB — answers explain the WHY not just the HOW
docs/COMPLETE_LEARNING_GUIDE.md,Learning path for someone joining the project mid-way,Markdown,Week 8,Week 8,Complete,References all other docs in learning order
docs/PROJECT_FLOW.md,Step-by-step request lifecycle through the entire system,Markdown,Week 7,Week 7,Complete,Shows exactly when and where metrics logs and spans are created
docs/SIMPLE_OBSERVABILITY_GUIDE.md,Quick 30-minute intro to observability concepts,Markdown,Week 8,Week 8,Complete,4KB — covers only essentials; no deep dives
,,,,,,,,,,
,,,,,,,,,,
=== PROGRESS DASHBOARD ===,,,,,,,,,,
Monitoring Metric,Target,Status,Notes
CPU Usage Monitoring,✅ Done,Implemented,system_cpu_usage and process_cpu_usage auto-collected by Micrometer
Memory Usage Monitoring,✅ Done,Implemented,jvm_memory_used_bytes{area=heap} and {area=nonheap}
JVM Heap and Non-Heap,✅ Done,Implemented,Both area labels available in Prometheus; dashboard panel built
Garbage Collection,✅ Done,Implemented,jvm_gc_pause_seconds auto-collected; GC action and cause labels available
Thread Count,✅ Done,Implemented,jvm_threads_live_threads and jvm_threads_daemon_threads
HTTP Request Rate,✅ Done,Implemented,rate(http_server_requests_seconds_count[5m]) — auto-instrumented
HTTP Response Time P95/P99,✅ Done,Implemented,histogram_quantile(0.95/0.99 ...) using http_server_requests_seconds_bucket
Error Rate,✅ Done,Implemented,PromQL ratio of 5xx to total requests — dashboard panel complete
Active Requests,✅ Done,Implemented,http_server_requests_active_seconds (Spring Boot auto-instrumented)
Database Connection Pool HikariCP,✅ Done,Implemented,6 HikariCP metrics auto-exported; dashboard panel built
Application Health,✅ Done,Implemented,/actuator/health endpoint; up{job=epricing-service} in Prometheus
Custom Business Metrics,✅ Done,Implemented,pricing_requests_total + success + failed + rejected + duration timer
Container Metrics,⚠️ Partial,Needs Work,Basic metrics available; cAdvisor not yet added to docker-compose.yml
Distributed Tracing,⚠️ Partial,Needs Work,OTel spans exported to collector; Grafana Tempo not yet added to docker-compose.yml
Log Aggregation,✅ Done,Implemented,Loki + Promtail pipeline working; LogQL queries in Grafana
Alerting Rules,✅ Done,Implemented,Rules defined; Alertmanager for notifications is a future task
Traffic Generator,⚠️ Pending,Not Started,Planned as shell script to simulate realistic load patterns
